Feature,Coefficient,Abs_Coefficient
Pitch_up,6.901851205120085,6.901851205120085
Yaw_left,6.349464365486542,6.349464365486542
Yaw_right,5.844985294711092,5.844985294711092
FontSize,-5.303447053215524,5.303447053215524
Pitch_down,4.14007231978393,4.14007231978393
