Feature,Coefficient,Abs_Coefficient
Pitch_up,6.9019371845427715,6.9019371845427715
Yaw_left,6.349543806845466,6.349543806845466
Yaw_right,5.844923594332792,5.844923594332792
FontSize,-5.303439866527164,5.303439866527164
Pitch_down,4.140014431018202,4.140014431018202
