Feature,Coefficient,Abs_Coefficient
Pitch_up,6.8997869454214955,6.8997869454214955
Yaw_left,6.34793663447168,6.34793663447168
Yaw_right,5.843531486304979,5.843531486304979
FontSize,-5.300178710656949,5.300178710656949
Pitch_down,4.13903405919827,4.13903405919827
