Feature,Coefficient,Abs_Coefficient
y_theta_up,7.164800460900106,7.164800460900106
x_theta_left,6.349581897970714,6.349581897970714
x_theta_right,5.844947148306454,5.844947148306454
TextSize,-5.303383104456991,5.303383104456991
y_theta_down,4.2981594231088085,4.2981594231088085
